filename,chroma_stft,rmse,spectral_centroid,spectral_bandwidth,rolloff,zero_crossing_rate,mfcc1,mfcc2,mfcc3,mfcc4,mfcc5,mfcc6,mfcc7,mfcc8,mfcc9,mfcc10,mfcc11,mfcc12,mfcc13,mfcc14,mfcc15,mfcc16,mfcc17,mfcc18,mfcc19,mfcc20,mfcc21,mfcc22,mfcc23,mfcc24,mfcc25,mfcc26,mfcc27,mfcc28,mfcc29,mfcc30,mfcc31,mfcc32,mfcc33,mfcc34,mfcc35,mfcc36,mfcc37,mfcc38,mfcc39,mfcc40,label
1_mohab_13.wav,0.4201333522796631,0.029099877923727036,1868.034517100396,2699.9008506993187,4777.396111739309,0.04845548930921053,-423.066650390625,98.8236312866211,44.52216720581055,21.270755767822266,20.87051773071289,16.44273567199707,6.037344455718994,12.483152389526367,-2.761013984680176,9.245076179504395,-8.821917533874512,7.288705348968506,-11.455421447753906,-0.25356653332710266,-8.073348045349121,3.507321357727051,-9.219339370727539,-0.6679478287696838,-6.009720802307129,3.6873645782470703,-6.989171981811523,0.27209463715553284,-2.922703742980957,0.17105476558208466,1.5645900964736938,-2.7690224647521973,-0.27993738651275635,-0.9382269978523254,-1.7072858810424805,-2.0142483711242676,-1.0520658493041992,-0.3988204896450043,-1.3490180969238281,-0.7611595392227173,-3.374394178390503,-1.8549561500549316,-2.976245880126953,-3.5199708938598633,-2.040861129760742,-3.1266796588897705
1_marina_18.wav,0.28792309761047363,0.015596888028085232,1231.0022707162864,1473.8911385161132,2302.97607421875,0.05234375,-488.2370300292969,124.43287658691406,-4.712559223175049,17.64425277709961,-9.800755500793457,11.235270500183105,-5.494755268096924,-20.156063079833984,-2.9758903980255127,6.135281562805176,-5.732370376586914,-6.4464616775512695,-0.9533891081809998,0.5835883617401123,-1.319357991218567,-3.9081146717071533,7.925787448883057,-5.4688334465026855,-1.8531395196914673,0.6600037217140198,-2.318023681640625,0.9049059748649597,-3.4610555171966553,3.4153671264648438,-0.5862396955490112,4.19512414932251,3.4134521484375,-1.139915943145752,4.280145168304443,5.57526159286499,8.264140129089355,9.760712623596191,9.221464157104492,10.322600364685059,10.92733097076416,4.845160961151123,4.409489631652832,-0.8238004446029663,-3.4451491832733154,-0.386985182762146
1_marina_09.wav,0.38271093368530273,0.021515971049666405,1365.0449558913049,1569.108733094527,2559.166445974576,0.0684421345338983,-469.3603820800781,107.33551025390625,-9.026871681213379,12.51373291015625,-2.22137713432312,11.731956481933594,-6.453311443328857,-14.824713706970215,-7.1965718269348145,1.7293169498443604,-0.9104776382446289,-0.4752747118473053,1.423362135887146,5.3406901359558105,2.1529910564422607,-7.998382568359375,4.763876914978027,-4.544386863708496,-4.4174113273620605,2.0725674629211426,1.3761550188064575,0.07494649291038513,1.508339762687683,4.900720596313477,-0.29852384328842163,6.517292022705078,7.449775695800781,9.815195083618164,9.491382598876953,6.296721935272217,1.8355342149734497,-0.11923138052225113,2.4520905017852783,1.8494840860366821,2.4601166248321533,-3.1654396057128906,-2.4254567623138428,-5.980398178100586,-1.846386432647705,0.6723757386207581
2_marina_08.wav,0.3586827516555786,0.00940249115228653,1238.4112108131897,1632.4473788540527,2413.2753670933735,0.045174839984939756,-550.65966796875,110.47284698486328,3.2060768604278564,20.542327880859375,1.5909923315048218,15.818926811218262,-4.130044460296631,-4.322086334228516,6.521859645843506,7.774130821228027,3.918766736984253,2.7084858417510986,1.4390692710876465,-1.780208706855774,6.2819671630859375,2.270934820175171,2.232928991317749,1.4032217264175415,0.7618904709815979,-3.962568521499634,-1.1935418844223022,-1.2585439682006836,-2.2038044929504395,2.305382490158081,-4.366537094116211,0.14770397543907166,-1.268746018409729,2.2788009643554688,8.784806251525879,12.346844673156738,17.503433227539062,12.225085258483887,7.612097263336182,4.577301979064941,6.384201526641846,7.110671520233154,3.2073683738708496,-2.8102993965148926,-0.8141128420829773,-1.0079424381256104
1_mohab_02.wav,0.44827839732170105,0.02189294807612896,2200.7568265392147,2914.777512553722,5858.731239720395,0.061304995888157895,-422.7919006347656,95.86272430419922,39.679100036621094,18.70276641845703,23.660537719726562,11.344347953796387,-7.892699241638184,-1.7769845724105835,-0.608443021774292,8.065320014953613,-7.528436660766602,9.54375171661377,-9.223389625549316,7.447030544281006,-5.633541107177734,13.570111274719238,-5.754937171936035,5.173924446105957,-5.587667942047119,3.1787853240966797,-6.686926364898682,1.5364165306091309,-2.8353774547576904,1.5090233087539673,0.21798989176750183,2.8456811904907227,-3.853844404220581,0.8601623177528381,-1.8346138000488281,-3.9014358520507812,-3.9774253368377686,0.9942459464073181,-0.9494775533676147,0.3100324869155884,-3.857558012008667,0.9086310863494873,-5.383834362030029,-0.9090887308120728,-2.11944317817688,0.5354389548301697
1_mohab_08.wav,0.2951437532901764,0.023387964814901352,2100.0982382491793,2795.3698424438517,5209.47998046875,0.059895833333333336,-436.16937255859375,95.84790802001953,49.776519775390625,22.598438262939453,29.539777755737305,13.153081893920898,-0.6223801970481873,-2.3581974506378174,-11.039985656738281,7.587752342224121,-10.155023574829102,4.4745283126831055,-4.573653697967529,1.436015009880066,-6.065580368041992,6.345620155334473,-4.415669918060303,3.3166654109954834,-2.0575878620147705,5.077698230743408,-3.9735870361328125,5.181910037994385,1.1643143892288208,3.205927848815918,2.5727062225341797,4.810879707336426,0.685203492641449,0.9694263935089111,0.1310003101825714,-0.24833479523658752,-2.759648084640503,-0.5816910862922668,-2.691232442855835,-1.7214806079864502,-4.07429313659668,-2.4750874042510986,-5.360729217529297,-2.3657288551330566,-4.239291191101074,-2.604243755340576
1_mohab_17.wav,0.5107846260070801,0.02588539756834507,2377.6377772721653,2933.128883171077,6035.263907191265,0.07381282944277108,-432.3316955566406,85.41480255126953,26.004009246826172,15.197461128234863,16.713903427124023,12.2037992477417,6.290771484375,6.14500093460083,-0.541069507598877,10.938262939453125,-6.830402374267578,4.507361888885498,-9.537712097167969,0.561768114566803,-5.414349555969238,6.850950717926025,-6.122929096221924,3.7381441593170166,-3.592924118041992,4.269281387329102,-5.320441722869873,1.661892056465149,0.5041947960853577,-0.1054522767663002,1.576074481010437,0.8799143433570862,-1.4870880842208862,1.0613007545471191,-1.606283187866211,-1.5721778869628906,-0.054382193833589554,0.8746744990348816,0.26093459129333496,0.5660168528556824,-2.978362560272217,-0.4468386173248291,-2.0794594287872314,-1.6650292873382568,-1.1900938749313354,-0.37918931245803833
2_mohab_02.wav,0.4039837121963501,0.027961140498518944,2018.882145570657,2772.8067262414784,5284.984709087171,0.05811831825657895,-406.97747802734375,96.58943176269531,31.155237197875977,17.592370986938477,18.446613311767578,12.464341163635254,-3.838604688644409,-0.14665164053440094,-3.4483368396759033,11.62545108795166,-1.101675271987915,6.085530757904053,-6.899692535400391,0.2634485065937042,-6.5197343826293945,15.65073299407959,-7.603702068328857,4.252443790435791,-2.3072545528411865,4.70889139175415,-5.6716694831848145,1.6627812385559082,-4.6916961669921875,-3.608121871948242,-1.7869043350219727,-3.283433675765991,-5.012560844421387,-5.693639755249023,-3.1393003463745117,-2.204704999923706,-2.60819673538208,0.5183050036430359,-3.989320755004883,-0.28258806467056274,-5.253276348114014,1.298841118812561,-3.0530166625976562,-0.7340713143348694,-1.7840713262557983,-1.2566219568252563
1_mohab_22.wav,0.45536282658576965,0.02832735888659954,2026.5564242316746,2848.21722029817,5431.426193053464,0.05308734939759036,-439.6352233886719,97.20244598388672,44.484371185302734,16.853731155395508,14.960813522338867,8.173418045043945,-1.9297302961349487,3.814713716506958,-0.48829659819602966,5.928225517272949,-1.494965672492981,6.91992712020874,-3.971609115600586,1.109531283378601,-3.4109110832214355,7.051025390625,-4.843998908996582,2.9214417934417725,-1.6299021244049072,4.8434648513793945,-3.503068685531616,3.9625446796417236,-3.315113067626953,0.7356359362602234,-3.1923999786376953,0.8008785843849182,-3.864779472351074,-1.8125648498535156,-2.653386116027832,-0.49044501781463623,-2.27630615234375,-0.1346297264099121,-1.6292355060577393,0.13664603233337402,-3.7109036445617676,-0.42039769887924194,-2.9184086322784424,-1.4882123470306396,-2.2517552375793457,-1.7262852191925049
2_mohab_11.wav,0.3820471167564392,0.027883145958185196,1752.0423128513312,2536.9714065266594,3845.23193359375,0.04933810763888889,-406.4095153808594,111.20677947998047,44.33013916015625,22.706453323364258,23.311540603637695,11.9948148727417,0.06732353568077087,1.2968772649765015,-2.021311044692993,11.319705963134766,-0.6057268977165222,5.462606430053711,-12.185359954833984,-1.1567445993423462,-9.98918342590332,10.266134262084961,-11.490697860717773,5.304850101470947,-6.248264789581299,4.76100492477417,-6.439896583557129,2.223350763320923,-3.9857161045074463,-3.254244089126587,-3.0427398681640625,-1.4848575592041016,-6.680272102355957,-5.014164924621582,-3.6361050605773926,-2.2385380268096924,-5.988979816436768,-1.3423073291778564,-5.744693279266357,-1.4598737955093384,-5.158180236816406,-0.4205855131149292,-5.683986186981201,-2.507230043411255,-2.306356430053711,-1.8453038930892944
1_marina_13.wav,0.3409891128540039,0.013003412634134293,1192.032583487862,1474.4693732478463,2204.0275327620966,0.052545362903225805,-515.8367309570312,127.10962677001953,-13.212935447692871,8.069225311279297,-1.2632259130477905,11.193016052246094,-6.9684648513793945,-13.213319778442383,-5.992046356201172,1.4172554016113281,2.810183048248291,1.6467088460922241,1.4835902452468872,9.291043281555176,5.755458831787109,-6.118223190307617,8.56582260131836,-0.5141565799713135,-3.313891649246216,2.944876194000244,-1.5792704820632935,-2.126091718673706,1.8279576301574707,0.7265753149986267,-0.9299609661102295,6.967457294464111,4.063398361206055,7.213100910186768,9.236345291137695,10.991926193237305,9.0900297164917,8.976473808288574,11.90748405456543,6.0191874504089355,4.141130447387695,-1.907349705696106,-0.38695603609085083,-2.0265371799468994,0.8381705284118652,2.6714890003204346
1_mohab_21.wav,0.46472039818763733,0.033647168427705765,1899.7361271189454,2792.8275534512472,5076.387777673192,0.05086361069277109,-432.7884521484375,101.00868225097656,44.6100959777832,15.28500747680664,17.125125885009766,10.409688949584961,-0.3605585992336273,2.1561734676361084,-1.2413556575775146,5.820006370544434,-4.500497341156006,5.923794269561768,-4.265629291534424,0.031614750623703,-6.386565685272217,8.103864669799805,-6.984438419342041,3.7465150356292725,-0.9925728440284729,4.353233337402344,-5.452762603759766,4.245837688446045,-4.388371467590332,-1.5247728824615479,-2.985954999923706,-2.99786639213562,-1.5162982940673828,-2.189265489578247,-0.6143024563789368,-0.8547242879867554,-1.3155946731567383,-2.847191572189331,-2.249990701675415,-1.878259301185608,-3.9656975269317627,-1.291700839996338,-3.9246580600738525,-1.1806524991989136,-2.673275947570801,0.04868948087096214
2_mohab_05.wav,0.43095073103904724,0.033869776874780655,1862.4938602162142,2722.3891171712366,4845.395700555098,0.04331568667763158,-399.8198547363281,99.04578399658203,36.76069259643555,23.053375244140625,23.83240509033203,13.402503967285156,-0.28685304522514343,0.6892704367637634,-3.8948094844818115,8.566316604614258,-4.892629146575928,4.219656944274902,-6.174441337585449,1.3604873418807983,-6.3269453048706055,13.849688529968262,-7.968812465667725,5.036479949951172,-1.1726477146148682,3.3111732006073,-5.907501220703125,3.0434410572052,-3.1158809661865234,-1.713104486465454,-1.5625451803207397,-2.5238466262817383,-4.236551761627197,-4.999239921569824,-1.566939115524292,-1.748812198638916,-2.586528778076172,0.9678577780723572,-4.471296787261963,0.06923600286245346,-6.333077430725098,0.38819149136543274,-5.23829460144043,-1.8280539512634277,-4.140148639678955,-2.5000007152557373
1_mohab_20.wav,0.49676546454429626,0.02780824340879917,1650.0157968080348,2583.110988031435,4206.411334165593,0.04313990012886598,-434.0913391113281,118.14020538330078,46.37129592895508,11.403925895690918,11.15180492401123,3.9272875785827637,3.620319366455078,-0.2512584328651428,-1.493065595626831,4.793065547943115,-6.159169673919678,7.179381847381592,-3.572139263153076,2.8904166221618652,-5.445064067840576,6.135013580322266,-6.726857662200928,-1.41791570186615,-2.5046088695526123,3.4064393043518066,-5.144861698150635,0.26901331543922424,-0.5317164659500122,-1.3132065534591675,-0.876868724822998,-1.040647268295288,-2.2132339477539062,-1.331143856048584,-2.2075753211975098,-0.8076485991477966,-0.4359395205974579,-1.937484860420227,-1.8363169431686401,-2.6142449378967285,-2.0232956409454346,-0.6936116218566895,-2.770815849304199,0.8721556663513184,-1.753731608390808,-0.41452711820602417
2_marina_02.wav,0.23396675288677216,0.01024386752396822,1546.264478197368,1707.9013530535356,2971.7777876420455,0.06499467329545454,-537.4880981445312,108.86548614501953,-5.666440010070801,25.148395538330078,-7.362468242645264,22.53312110900879,-7.313823223114014,-15.796622276306152,-1.089362382888794,3.704233169555664,-3.5444068908691406,-3.1536834239959717,0.14988970756530762,-6.407610893249512,4.0199995040893555,-0.27747172117233276,0.06256864219903946,-2.8538854122161865,-1.3815135955810547,-5.889014720916748,-4.531346321105957,-4.343472003936768,-2.971515417098999,1.807600975036621,-7.946475028991699,3.636881113052368,-1.1783974170684814,1.6143418550491333,9.70022964477539,9.12956714630127,16.192264556884766,13.249119758605957,14.545355796813965,11.84032917022705,7.631899356842041,3.8193602561950684,2.4765512943267822,-3.889253616333008,-0.5988531708717346,4.984530925750732
1_marina_03.wav,0.2755986750125885,0.01716759242117405,1253.0641428528156,1425.56164767084,2338.823562371926,0.061363345286885244,-467.6661376953125,127.3810806274414,-11.80078125,8.422248840332031,-10.773454666137695,2.73671293258667,-19.814895629882812,-14.049607276916504,2.9073538780212402,-2.388909339904785,-7.1179633140563965,-5.204514503479004,-5.5734686851501465,7.623482704162598,11.41335391998291,1.6530025005340576,9.184453964233398,-4.479062557220459,3.529653310775757,1.8945245742797852,-6.41856575012207,5.16035270690918,5.2007975578308105,2.874950647354126,3.6991207599639893,7.920994281768799,1.5909150838851929,8.513629913330078,11.137073516845703,11.248466491699219,11.221514701843262,5.457881927490234,6.8873982429504395,5.681320667266846,7.782846450805664,0.6283043622970581,-0.7149579524993896,0.12532910704612732,-1.069340467453003,-5.094728469848633
2_mohab_10.wav,0.48311647772789,0.02436838671565056,2094.5088225553227,2920.185268235137,5961.297286184211,0.059724506578947366,-423.2523193359375,100.00230407714844,36.521263122558594,21.459165573120117,24.203510284423828,12.488842964172363,-4.312713623046875,-0.2840135395526886,-5.951932907104492,8.251608848571777,-4.023624420166016,3.6460347175598145,-9.106616020202637,0.6712440848350525,-9.129570007324219,11.367890357971191,-9.443243026733398,6.621910572052002,-2.209512233734131,7.547613143920898,-6.378726959228516,4.590015888214111,-3.6526472568511963,-0.952525794506073,-2.8701043128967285,-1.8213410377502441,-2.9752256870269775,-1.4603649377822876,0.23157839477062225,-1.0546296834945679,-1.3566386699676514,1.1949106454849243,-2.2814033031463623,0.9421593546867371,-3.687046766281128,2.369394540786743,-3.8301384449005127,-0.15532588958740234,-1.1768757104873657,-0.6774155497550964
1_marina_08.wav,0.3769800066947937,0.01551658846437931,1387.4713573733923,1609.1522663660996,2662.3206829202586,0.05801286368534483,-501.0291748046875,112.7426986694336,-15.422595024108887,16.566856384277344,-6.766522407531738,16.23697280883789,-9.363371849060059,-16.63319206237793,-3.487502336502075,7.1662373542785645,1.5436599254608154,2.6949453353881836,4.608531475067139,4.849303245544434,5.902994632720947,-8.396642684936523,6.086977958679199,-2.222166061401367,-3.0587053298950195,4.838300704956055,-1.9098225831985474,-4.703892230987549,2.2117040157318115,2.873661756515503,-4.242457389831543,8.737695693969727,6.453835487365723,9.76559829711914,12.430712699890137,12.203978538513184,11.581098556518555,4.116171360015869,4.058353424072266,1.5342950820922852,1.1781433820724487,-1.2352147102355957,1.6395950317382812,-3.728315830230713,-2.6885318756103516,-1.6363496780395508
2_marina_24.wav,0.30411067605018616,0.010473236441612244,1310.0669212927642,1612.702430753689,2565.2084722751524,0.05222822980182927,-527.7891845703125,111.29122924804688,1.8033030033111572,23.174970626831055,3.090299367904663,18.689300537109375,-4.039973258972168,-3.1349778175354004,5.878969669342041,8.2598237991333,-3.133542776107788,0.10162067413330078,6.735722064971924,-2.509880542755127,1.115674376487732,-3.2807655334472656,-3.458437204360962,-4.397665977478027,5.146287441253662,-3.8802578449249268,-6.493215560913086,-3.1949169635772705,-4.139448642730713,2.705580472946167,-3.3879990577697754,1.7432701587677002,-2.0587406158447266,2.3995957374572754,6.368721008300781,6.630706787109375,10.264568328857422,7.309225559234619,9.103565216064453,6.10044002532959,7.959317207336426,4.507213115692139,3.3239946365356445,-0.39246097207069397,-0.021482815966010094,3.101365804672241
1_mohab_07.wav,0.5095307230949402,0.023835493251681328,2367.9949790431797,3004.84201093651,6157.458349021084,0.06594738328313253,-422.6172790527344,88.82533264160156,45.74239730834961,20.281715393066406,29.297574996948242,11.00522232055664,-6.105221271514893,0.9936500191688538,-9.988208770751953,10.738581657409668,-8.386841773986816,5.983823776245117,-3.8695571422576904,3.953606605529785,-5.81084680557251,8.603452682495117,-7.81535530090332,5.2945556640625,-2.6803946495056152,4.521674156188965,-4.4550700187683105,2.1511688232421875,-0.2080334573984146,0.4262658953666687,-0.13722838461399078,1.7414133548736572,-1.9853105545043945,-0.9355945587158203,-1.4333449602127075,-0.002163318218663335,-2.9885408878326416,-1.0308805704116821,-0.7280011773109436,0.28436166048049927,-1.9391502141952515,0.01720382459461689,-2.2629592418670654,-0.6516483426094055,-1.6180517673492432,-0.12802305817604065
2_mohab_08.wav,0.40707576274871826,0.026784677058458328,1910.3991838574825,2602.0248240808764,4328.598825555098,0.060938784950657895,-398.2385559082031,107.08135986328125,36.982269287109375,21.706884384155273,22.2656307220459,14.3260498046875,0.9959316253662109,3.6209206581115723,-1.8831499814987183,10.088221549987793,-1.5952552556991577,7.917080402374268,-9.12075138092041,-0.3157295286655426,-9.137359619140625,11.727588653564453,-11.184886932373047,5.010578632354736,-4.143502235412598,5.75288724899292,-3.3703596591949463,3.762101411819458,-2.9338364601135254,-1.1561359167099,-0.9510990977287292,-2.5279765129089355,-2.098543167114258,-3.2695305347442627,-1.3404186964035034,-0.7517536282539368,-3.8905487060546875,1.4258489608764648,-3.5864663124084473,0.4095219373703003,-4.404580593109131,0.4892607629299164,-2.8260819911956787,-1.169475793838501,-3.047361373901367,-0.8725863099098206
1_mohab_10.wav,0.5278862118721008,0.025625037029385567,2364.740967589348,2936.8519342457794,5978.127768605026,0.07907135953608248,-427.45538330078125,88.90650939941406,36.406524658203125,7.163788318634033,14.111111640930176,7.964857578277588,4.449687957763672,9.083321571350098,4.820374011993408,11.142827033996582,-0.021813232451677322,9.8121337890625,-6.965470314025879,5.193099021911621,-0.08133187144994736,7.193446159362793,-1.325080156326294,5.138819217681885,-4.080236434936523,1.296638011932373,-5.506202697753906,1.3479962348937988,-3.4449427127838135,0.24277496337890625,0.5611000657081604,0.32815027236938477,1.1010874509811401,-0.35519689321517944,-1.4088082313537598,0.23223014175891876,-0.4025978446006775,-0.5297101736068726,-0.5665673613548279,-0.07366393506526947,-1.1529664993286133,-0.9538829326629639,-2.8395869731903076,-1.7382746934890747,-1.8999029397964478,-1.7821842432022095
1_mohab_12.wav,0.49108290672302246,0.029168659821152687,2207.5097235101675,2948.79353239535,6040.488473992598,0.06243575246710526,-430.1983642578125,98.781494140625,44.29633712768555,14.17474365234375,21.118772506713867,8.077156066894531,5.331607818603516,7.929975986480713,-3.5098013877868652,14.803154945373535,-8.397530555725098,9.622702598571777,-13.557212829589844,0.4056004583835602,-5.623548984527588,4.564911842346191,-8.444714546203613,2.3932998180389404,-5.040686130523682,3.771808385848999,-5.293026924133301,1.3950275182724,-4.701755523681641,-0.09303583949804306,-0.6689528822898865,-0.996913492679596,-2.7445552349090576,1.0424506664276123,-1.424034595489502,-1.1512718200683594,-2.535001754760742,-0.23305203020572662,-1.9168187379837036,-0.01958894170820713,-2.6082565784454346,-1.6992275714874268,-3.1103198528289795,-0.7145163416862488,-3.7065951824188232,-1.948217511177063
2_mohab_09.wav,0.44821107387542725,0.025396769866347313,2315.1918689276386,2825.016167918745,5660.115774054277,0.08833393297697369,-411.82220458984375,92.9655990600586,38.14231872558594,19.388452529907227,18.734996795654297,12.47078800201416,-3.2006165981292725,0.8423316478729248,-1.7239007949829102,9.55492877960205,-4.232107162475586,6.132315635681152,-9.009716987609863,-0.7842092514038086,-9.44709300994873,11.516509056091309,-10.100581169128418,7.829063892364502,-4.787003993988037,7.588962554931641,-3.9217236042022705,4.709110260009766,-2.8988964557647705,-3.3517699241638184,-1.5204524993896484,-1.394811987876892,-3.8116538524627686,-1.3962938785552979,-0.17974641919136047,1.2422420978546143,-3.804607629776001,0.6680415868759155,-4.660635471343994,1.2156214714050293,-5.590590000152588,0.6430029273033142,-4.571811676025391,-1.7102681398391724,-3.2334909439086914,-0.7146850824356079
1_marina_01.wav,0.3376672863960266,0.013403684832155704,1288.8546713521944,1518.160524947516,2435.1844200721152,0.05956405248397436,-505.51165771484375,120.89280700683594,-7.716819763183594,12.65627670288086,-4.748036861419678,5.66755485534668,-12.296392440795898,-9.165881156921387,4.216709136962891,1.282217025756836,-7.513116359710693,-3.2495641708374023,-3.4169743061065674,5.279068470001221,8.51439094543457,1.8671493530273438,13.158716201782227,-5.163294792175293,-0.46723777055740356,2.5983121395111084,-2.44152569770813,5.685394287109375,4.029975891113281,1.0868537425994873,-2.3004238605499268,7.351773738861084,5.128517150878906,5.775613784790039,6.196378707885742,7.292190074920654,9.75341796875,5.38987922668457,6.465158939361572,3.3325743675231934,0.7942364811897278,-3.2679688930511475,-3.5430333614349365,-4.882902145385742,-0.38451898097991943,-1.8929952383041382
2_marina_12.wav,0.2654651403427124,0.011277124285697937,1133.322564830092,1493.313597745614,2198.356219035823,0.045326791158536585,-533.7100219726562,127.1519775390625,3.2209341526031494,9.694772720336914,1.6936731338500977,16.088346481323242,-2.0410377979278564,-7.1773905754089355,3.4868390560150146,7.533910751342773,-0.5147606730461121,2.573765277862549,3.1537561416625977,-4.177158355712891,-0.1562136858701706,-1.4108363389968872,0.6397829055786133,-4.789560317993164,-2.089277505874634,-6.6170268058776855,-5.45358419418335,-3.2253599166870117,-5.66853666305542,1.0063751935958862,-4.366093635559082,2.863482713699341,1.2141822576522827,0.9429857134819031,7.552928447723389,7.3576483726501465,13.588005065917969,12.980684280395508,10.496529579162598,7.740939140319824,4.7892746925354,0.8697693943977356,1.7981829643249512,0.6543797850608826,-0.46662381291389465,-0.46331271529197693
2_mohab_07.wav,0.4878291189670563,0.02198565937578678,2303.8628518557302,2919.4791578114914,5976.501611916416,0.07127141378012049,-441.81048583984375,83.51303100585938,36.37279510498047,25.754384994506836,20.99005126953125,14.851104736328125,0.1640513390302658,2.2796950340270996,-4.897364139556885,7.513138771057129,-3.903120756149292,6.102445125579834,-7.129909515380859,0.4980378746986389,-7.798305511474609,10.623605728149414,-8.648982048034668,6.962863445281982,-3.537075996398926,7.036610126495361,-3.5427238941192627,4.534736633300781,-2.5307199954986572,-1.5636115074157715,-0.3023572564125061,-0.6265172958374023,-2.062446355819702,-2.333559989929199,-1.5930759906768799,0.06455546617507935,-3.8820266723632812,0.7177762389183044,-2.7366909980773926,1.0297271013259888,-4.650164604187012,0.8846094608306885,-4.253398895263672,-1.7533403635025024,-2.3971846103668213,-0.2769942283630371
2_marina_04.wav,0.3550189435482025,0.009104582481086254,1206.5146667264432,1660.3162778261183,2345.8592191655584,0.04191427027925532,-561.0482177734375,110.68647003173828,11.343620300292969,16.875802993774414,3.067312002182007,15.499652862548828,-1.5536510944366455,-5.865015506744385,3.578064203262329,6.69972562789917,2.444506883621216,5.527142524719238,0.7730616331100464,-1.8784418106079102,8.165512084960938,1.7211976051330566,2.2742505073547363,-0.6940328478813171,-0.8004082441329956,-3.5691025257110596,-5.215653896331787,-3.905179977416992,-2.2578182220458984,1.771992802619934,-1.1683001518249512,2.4963157176971436,1.6380400657653809,5.585923194885254,6.85905122756958,5.694948673248291,8.995458602905273,9.5733003616333,7.88277530670166,5.15402889251709,7.489913463592529,4.903007984161377,3.3165371417999268,-0.20990249514579773,0.9912234544754028,1.6869274377822876
2_marina_07.wav,0.2900276482105255,0.007538237608969212,1642.2651170804802,1641.5207274045968,3015.865531589674,0.09811905570652174,-563.8558959960938,97.59171295166016,-9.186543464660645,25.962722778320312,8.767162322998047,9.74437427520752,-6.129147052764893,-5.014042377471924,3.717827320098877,5.053369998931885,-1.1669849157333374,-3.66066575050354,-1.0782322883605957,-1.5420544147491455,2.8076741695404053,-1.5082937479019165,3.475991725921631,-2.2953929901123047,-3.291328191757202,0.014073510654270649,-3.3812789916992188,-3.058544158935547,-1.4306187629699707,0.12754394114017487,-4.401778221130371,2.4367892742156982,1.5524451732635498,-0.6260265707969666,6.651630878448486,13.89307689666748,17.284482955932617,10.908315658569336,6.949601650238037,3.966123580932617,2.572308301925659,4.60360050201416,6.389216899871826,1.4791373014450073,3.0929415225982666,1.4943276643753052
1_mohab_16.wav,0.46098852157592773,0.023924250155687332,1987.8752029629604,2807.098604159827,4993.90869140625,0.05144856770833333,-432.58111572265625,99.03780364990234,38.90045166015625,12.187285423278809,17.34940528869629,12.402997970581055,10.201861381530762,13.607380867004395,8.257108688354492,16.851198196411133,-4.003920078277588,6.058846473693848,-9.901904106140137,4.954803943634033,-4.2316789627075195,6.862365245819092,-5.48021936416626,3.374875783920288,-5.0044169425964355,3.806459903717041,-4.718307971954346,1.2143133878707886,-2.1531503200531006,0.9662244319915771,-0.24921606481075287,1.4819260835647583,0.320516973733902,0.9268447160720825,-0.09519082307815552,0.6155891418457031,-2.581573009490967,-0.8809079527854919,-2.9944119453430176,-0.3967091143131256,-2.208726644515991,0.19414684176445007,-1.5716232061386108,-1.358149766921997,-1.8515136241912842,-1.7629764080047607
2_marina_17.wav,0.2565575838088989,0.013696931302547455,1407.4404818700489,1628.9002902699806,2725.5162464488635,0.06053799715909091,-514.303466796875,117.37911987304688,-5.0405497550964355,20.84221649169922,-7.285583972930908,18.523412704467773,-8.446639060974121,-17.32918357849121,1.0382441282272339,11.015907287597656,-2.467266321182251,-4.345709323883057,-0.30843085050582886,-1.5673706531524658,0.6070364713668823,-4.005504608154297,2.687478542327881,-11.42917251586914,-3.9449679851531982,-10.350627899169922,-12.147419929504395,-1.1064716577529907,-8.968561172485352,1.5431503057479858,-0.5485684275627136,4.805524826049805,9.401212692260742,1.518196702003479,5.099221706390381,12.086440086364746,8.844416618347168,12.131082534790039,13.870099067687988,6.094949245452881,3.150872230529785,-3.15431547164917,1.2216297388076782,1.5332045555114746,-0.030239121988415718,-1.7483291625976562
2_mohab_18.wav,0.5287476778030396,0.032581936568021774,2136.352879580933,2721.805507609094,5135.5272795024675,0.07437294407894737,-398.51287841796875,104.74420928955078,19.849124908447266,5.9034247398376465,20.399436950683594,5.216020107269287,2.950221061706543,3.8300058841705322,-10.671489715576172,5.4016642570495605,-3.523937463760376,8.496149063110352,-9.983702659606934,3.3135223388671875,-4.761129379272461,5.626089572906494,-7.183943748474121,5.7047505378723145,-5.0886549949646,5.262397289276123,0.9268782734870911,4.4066925048828125,2.730572462081909,0.37261345982551575,2.0493335723876953,0.09126371890306473,0.26902303099632263,-2.943974733352661,-0.31036707758903503,-0.8318707942962646,-2.3645853996276855,-0.2891950011253357,-0.5197288393974304,0.1992276906967163,-2.2194769382476807,-1.233666181564331,-2.167337417602539,-1.4681434631347656,-1.8772855997085571,0.012835216708481312
1_mohab_03.wav,0.30274248123168945,0.01863628625869751,1969.8035561454508,2804.5547711818526,5336.7319865399095,0.045104245105421686,-439.7416076660156,99.4316635131836,40.7054557800293,23.33234405517578,24.781435012817383,13.666688919067383,-3.8589422702789307,-2.3697402477264404,-5.488420009613037,3.47296142578125,-11.688071250915527,6.007233142852783,-8.59201431274414,4.255380153656006,-8.210249900817871,9.185050964355469,-8.157491683959961,3.4579012393951416,-1.345157504081726,5.598254203796387,-4.301884651184082,5.088843822479248,1.8918317556381226,4.12524938583374,2.3667428493499756,5.516872406005859,0.16253064572811127,3.7654452323913574,0.7034973502159119,-0.13099034130573273,-1.240025281906128,-0.8943679928779602,-2.9437050819396973,-3.1314046382904053,-4.88303804397583,-2.209646701812744,-4.793203353881836,-2.4453697204589844,-4.44215726852417,-3.3945236206054688
1_mohab_09.wav,0.49515801668167114,0.025713054463267326,2390.0377046492004,3036.2313842202266,6343.228310032895,0.06665681537828948,-439.6551208496094,89.02572631835938,28.392654418945312,12.432584762573242,27.985111236572266,2.6092050075531006,3.301393508911133,3.232192277908325,-7.640503883361816,10.022635459899902,-3.3120064735412598,13.678788185119629,-6.5353899002075195,6.949486255645752,-3.7280454635620117,8.337148666381836,-3.195773124694824,6.572511196136475,-5.197215557098389,4.33175802230835,-5.280208587646484,0.021418696269392967,-6.555322170257568,-0.22011972963809967,-3.274419069290161,0.25337275862693787,-1.110296607017517,-1.2416338920593262,-1.3171097040176392,-0.014677045866847038,-1.9578359127044678,0.32289040088653564,-2.328618049621582,0.9472038745880127,-2.899705648422241,-0.8621098399162292,-3.544872522354126,0.9847372770309448,-2.5841116905212402,-1.5758873224258423
2_marina_18.wav,0.27851203083992004,0.01928595080971718,1448.7296127595364,1674.3442517173012,2877.4848833476026,0.06553001926369863,-494.8891906738281,98.12540435791016,12.961133003234863,34.324642181396484,4.9938883781433105,15.365585327148438,-14.26004695892334,-3.6746749877929688,6.227876663208008,3.442671537399292,-0.8407222032546997,-1.1560426950454712,0.48448997735977173,1.3363558053970337,10.872797012329102,-6.643566131591797,4.095666885375977,-0.9180779457092285,-8.7181978225708,-2.256160259246826,-8.892293930053711,-4.777629852294922,-6.968741416931152,-2.132094144821167,-1.1311869621276855,0.055163342505693436,4.705763816833496,3.4376511573791504,4.135366439819336,7.991415023803711,8.873661994934082,7.811820983886719,6.180586814880371,0.5791835784912109,1.2340631484985352,-1.8999838829040527,-2.8331985473632812,-4.220605373382568,-5.34447717666626,-2.1725521087646484
2_mohab_06.wav,0.39708027243614197,0.03175090253353119,2167.915974207985,2725.490425126702,5113.04347826087,0.0725486865942029,-387.22894287109375,90.47026062011719,38.05841064453125,30.82526206970215,24.593181610107422,13.417608261108398,-1.9143327474594116,3.196981191635132,-4.655905723571777,7.739617824554443,-4.046234130859375,6.365765571594238,-10.530487060546875,1.4871758222579956,-6.340095043182373,13.009469985961914,-6.58101224899292,8.834644317626953,-2.0112082958221436,9.62706470489502,-2.2792298793792725,1.9954440593719482,-2.5130274295806885,-2.1102256774902344,-1.2938216924667358,-2.0247371196746826,-4.876447677612305,-4.9768853187561035,-2.397951364517212,0.4170037806034088,-3.7815675735473633,-0.520518958568573,-4.760508060455322,0.9354634881019592,-4.839865684509277,-0.03951500356197357,-4.5862274169921875,-1.664953589439392,-1.4192495346069336,-1.3810783624649048
1_marina_15.wav,0.3025239408016205,0.008567441254854202,1349.0907870507347,1640.655499989142,2676.4973958333335,0.05078125,-540.0003662109375,133.39468383789062,-6.241390705108643,22.814430236816406,-3.187350034713745,16.562171936035156,-15.276666641235352,-5.440025806427002,0.45759615302085876,9.357232093811035,1.4212636947631836,-0.019047031179070473,2.799464225769043,-1.9103518724441528,10.428308486938477,-5.776233673095703,3.0322585105895996,-0.5305931568145752,0.40132424235343933,-1.935692310333252,-3.4409515857696533,-1.1237159967422485,-1.5588196516036987,4.963179588317871,-6.407341957092285,3.329563856124878,-2.6398510932922363,-1.556518793106079,4.403933525085449,5.593845844268799,15.10413932800293,12.454113006591797,12.53147029876709,11.780157089233398,13.801013946533203,5.039853572845459,1.5273041725158691,-2.3539295196533203,-0.5840178728103638,3.254149913787842
2_marina_09.wav,0.33559584617614746,0.01305780466645956,1377.973920721861,1633.7252853646423,2652.6013730177237,0.059256937966417914,-524.7509765625,113.71475982666016,-4.150616645812988,19.88650894165039,4.019784450531006,20.935741424560547,-12.402174949645996,-13.572638511657715,2.1405253410339355,3.679842472076416,-1.6761800050735474,-1.2957713603973389,0.4414256811141968,-1.2111026048660278,0.7389202117919922,-7.116668701171875,2.5432112216949463,-3.646573305130005,-2.1872878074645996,0.03440675511956215,-4.658487319946289,0.5456774234771729,-1.077539086341858,-0.6704262495040894,-0.8299850821495056,2.1742136478424072,2.0037975311279297,4.869268417358398,8.617094993591309,15.505168914794922,14.776594161987305,9.821511268615723,10.16862678527832,5.0051445960998535,2.876763343811035,1.6862947940826416,2.2989308834075928,-2.9214770793914795,-1.0627275705337524,0.12228399515151978
2_marina_01.wav,0.2610170245170593,0.009400545619428158,1480.5385820808463,1734.156075988496,3021.75439453125,0.0543359375,-527.3798217773438,124.0125503540039,3.236260414123535,27.51971435546875,-4.049063682556152,28.185558319091797,-13.072017669677734,-14.2274169921875,2.7768073081970215,7.6753830909729,-2.6351141929626465,1.6569056510925293,-0.09244846552610397,-6.069693088531494,13.58616828918457,-1.2054024934768677,2.3457236289978027,-2.076348066329956,-5.707404613494873,-7.039877891540527,-6.086142539978027,-3.172607183456421,-4.345750331878662,-3.613872766494751,-5.950961112976074,0.4766310751438141,-7.868342876434326,4.905214309692383,6.843095779418945,6.354536533355713,13.63228988647461,7.702515125274658,5.994169235229492,0.7086407542228699,4.3625264167785645,1.147078037261963,0.8041985034942627,-4.202548980712891,-3.8540921211242676,-1.9283958673477173
1_mohab_06.wav,0.4821677505970001,0.028436077758669853,1813.5909462505006,2750.5607889444545,4991.028153268914,0.043675472861842105,-396.7451477050781,103.49659729003906,40.8341178894043,25.877578735351562,31.116268157958984,15.660000801086426,1.332751989364624,-1.5474170446395874,-2.618854284286499,12.703426361083984,-15.392390251159668,11.223633766174316,-6.7507781982421875,8.510381698608398,-2.0543417930603027,15.81421184539795,-3.2664711475372314,3.4349067211151123,-5.158809661865234,2.5000126361846924,-3.252843141555786,3.669219970703125,-2.184253454208374,-0.9964266419410706,-2.890867233276367,-0.05881135165691376,-0.5469291806221008,-3.8470325469970703,-0.35935282707214355,0.4864351749420166,-0.9925280213356018,-1.6996393203735352,-4.559658050537109,-3.085716962814331,-1.3054685592651367,-0.19595867395401,-1.1038237810134888,-1.394195795059204,-2.224470615386963,-2.174938440322876
2_mohab_04.wav,0.4625292718410492,0.029655829071998596,2252.6890095700087,2801.919295415447,5501.109247622283,0.07203917572463768,-397.4273681640625,90.95842742919922,29.189666748046875,24.79303741455078,21.07798194885254,10.986111640930176,-5.594113349914551,4.574728965759277,-5.195793628692627,5.096831321716309,-3.499612808227539,7.802878379821777,-11.816618919372559,-0.36559176445007324,-5.549053192138672,14.797879219055176,-8.183208465576172,6.474650859832764,-1.8544524908065796,6.387992858886719,-5.02470064163208,0.692216694355011,-4.217704772949219,-0.22749868035316467,-1.9404891729354858,-3.626300573348999,-0.29951244592666626,-1.9508757591247559,0.8420042991638184,-0.31337693333625793,-1.1031543016433716,2.629967212677002,-3.541799545288086,1.77396821975708,-4.228764057159424,1.6928211450576782,-4.658915996551514,-0.9357336163520813,-3.050039291381836,-2.2520647048950195
1_mohab_11.wav,0.5309882164001465,0.023914827033877373,2132.2469276243087,2898.649343108649,5664.06982421875,0.06042209201388889,-438.1852111816406,98.62926483154297,45.87479782104492,11.327917098999023,19.034603118896484,10.69224739074707,4.494015693664551,7.834132671356201,3.672050952911377,15.00696086883545,-6.614657878875732,10.387833595275879,-10.145596504211426,2.764180898666382,-1.6205008029937744,5.646384239196777,-6.542703628540039,1.1162563562393188,-4.68005895614624,3.1709837913513184,-7.185352325439453,2.526639223098755,-4.473013877868652,-0.5179819464683533,-0.3317631483078003,-1.7367171049118042,-2.3411357402801514,1.0309478044509888,-1.1099969148635864,-0.2394527792930603,-0.5978609919548035,-0.1979006826877594,-1.7713983058929443,-1.1102420091629028,-0.6909880042076111,-0.7691401839256287,-3.4538605213165283,-0.38312476873397827,-2.245999574661255,-1.5219919681549072
2_marina_19.wav,0.3255656361579895,0.012166572734713554,1425.5057974586236,1636.4859620494578,2857.3171307963707,0.06107453377016129,-499.9732666015625,90.0627212524414,6.877739906311035,24.50504493713379,4.769620895385742,13.027259826660156,-4.584249973297119,-0.7979356646537781,6.871297836303711,4.4151506423950195,1.9799692630767822,3.819368362426758,0.3884691298007965,0.37971052527427673,6.925342082977295,-5.439700126647949,3.7811338901519775,0.1837729513645172,-6.895656585693359,-3.2712013721466064,-5.170225143432617,-1.3258988857269287,-2.433159112930298,0.08426450192928314,0.8346289396286011,1.331176519393921,3.0478148460388184,5.220320701599121,5.026824951171875,7.764053821563721,11.734106063842773,9.997727394104004,7.512934684753418,3.581850290298462,4.185758113861084,3.212965965270996,3.0326437950134277,0.8284674286842346,-2.2308621406555176,-0.6399956345558167
2_marina_22.wav,0.24074658751487732,0.015314280986785889,1498.6864657366057,1736.4791596455732,3123.356382308468,0.05269499747983871,-504.7137451171875,101.75773620605469,-12.753843307495117,21.527488708496094,-4.608182907104492,15.131413459777832,-6.481269359588623,-15.483272552490234,3.635972499847412,7.651641845703125,-9.81086540222168,-0.0158365610986948,1.6527869701385498,-7.267518997192383,3.722503900527954,-1.8043073415756226,-0.9819383025169373,-8.641443252563477,-2.4483180046081543,-8.980508804321289,-8.766849517822266,-0.9272830486297607,-5.2131476402282715,0.017221059650182724,-5.423717498779297,4.295139312744141,0.6028540134429932,-0.13594582676887512,6.2722249031066895,5.684168815612793,9.274726867675781,9.160268783569336,11.814919471740723,10.408814430236816,12.888420104980469,8.393736839294434,4.42522668838501,-0.9418824911117554,1.4684447050094604,3.935854434967041
2_marina_20.wav,0.3601170778274536,0.012572034262120724,1456.8129581465878,1738.8868525787402,2953.0294127383477,0.05452198093220339,-543.7466430664062,73.103759765625,17.624753952026367,29.624216079711914,3.6552679538726807,10.265969276428223,-2.8716249465942383,-1.5991581678390503,10.002669334411621,7.3715972900390625,0.6027926206588745,4.748972415924072,2.6574666500091553,1.298588514328003,6.376803398132324,-3.4645724296569824,2.863795042037964,-1.0120123624801636,-3.645334005355835,1.5041213035583496,-1.6880818605422974,0.7550860643386841,-0.23509526252746582,-0.8553486466407776,0.10756635665893555,1.2516629695892334,2.6524441242218018,6.776848793029785,8.829522132873535,11.602381706237793,11.930468559265137,8.945110321044922,5.262736797332764,2.676839590072632,5.460141658782959,2.8793184757232666,2.3868978023529053,0.5518598556518555,-0.6162319779396057,0.4040050506591797
2_marina_11.wav,0.2704993188381195,0.016268253326416016,1338.5229861747741,1549.782033609181,2808.1689453125,0.05138888888888889,-486.0185241699219,132.26226806640625,-13.85706901550293,20.65129852294922,-1.9107606410980225,17.107894897460938,-16.16759490966797,-21.237592697143555,3.398188352584839,6.449607849121094,-7.552515983581543,1.9043911695480347,-1.451866626739502,-10.011351585388184,8.466314315795898,0.7623507976531982,-0.763551652431488,-3.751547336578369,-3.182539463043213,-8.942752838134766,-5.574173927307129,-5.459992408752441,-5.393325328826904,-0.660710871219635,-10.477004051208496,4.76494836807251,0.1909627914428711,2.627103090286255,11.821325302124023,6.0845627784729,12.20691967010498,11.609278678894043,6.207789897918701,3.3816843032836914,3.1278188228607178,-1.7650166749954224,-2.0733532905578613,-5.002762794494629,-0.27283942699432373,0.4304679334163666
1_marina_05.wav,0.3643033504486084,0.016584573313593864,1230.7539504120616,1509.3605737531243,2346.060130635246,0.04997278432377049,-485.6652526855469,118.74740600585938,-0.3411409258842468,14.197669982910156,-8.60658073425293,7.620030403137207,-14.89136028289795,-7.669987201690674,7.123107433319092,6.557236671447754,-1.4442451000213623,-4.516903877258301,-3.8885693550109863,7.330729961395264,7.374022483825684,1.6451025009155273,11.155271530151367,-10.583508491516113,-1.6650217771530151,1.0392119884490967,-1.0950634479522705,7.4906721115112305,3.509981632232666,2.295257329940796,-0.3609156906604767,9.835870742797852,7.863940238952637,12.369926452636719,8.977197647094727,6.950908184051514,9.101953506469727,5.2843194007873535,7.979311943054199,1.586594820022583,2.322873115539551,-2.1147642135620117,-1.7900996208190918,-0.10166134685277939,0.3744729459285736,-1.9640042781829834
1_mohab_19.wav,0.44295862317085266,0.03376903012394905,1857.6805677256837,2667.81016626806,4353.2486765008225,0.05431486430921053,-412.8583068847656,111.06392669677734,50.010623931884766,16.58591079711914,13.856032371520996,3.269374132156372,-5.03038215637207,-5.529327869415283,-2.6740598678588867,2.889784097671509,-6.09421443939209,4.64313268661499,-7.530712127685547,-0.8536554574966431,-7.667112827301025,6.18167781829834,-6.224547386169434,3.6636576652526855,-2.7352020740509033,4.973484992980957,-6.806735992431641,3.8117904663085938,-4.852481365203857,-0.7620073556900024,-3.853996753692627,-2.638432264328003,-3.7395172119140625,-3.0913665294647217,-3.3834919929504395,0.3888404667377472,-2.1517868041992188,-1.4597420692443848,-3.692270040512085,0.5314571261405945,-3.794833183288574,-0.2845858633518219,-3.309072494506836,2.0316178798675537,0.06689441204071045,1.088059425354004
2_marina_05.wav,0.30424684286117554,0.009507576934993267,1229.4002904302067,1551.9404788178497,2322.480187049279,0.050490159254807696,-541.985595703125,112.79219818115234,7.127179145812988,9.304835319519043,1.7459323406219482,13.751361846923828,-1.3853753805160522,-4.571373462677002,4.595374584197998,3.8799967765808105,-4.300352096557617,1.7692019939422607,4.4508209228515625,2.246828079223633,8.471024513244629,1.5073635578155518,-1.4873002767562866,-2.042168378829956,0.30263781547546387,-3.790774345397949,-2.507227897644043,-4.370499610900879,-6.6711015701293945,-0.5944502353668213,-0.8093013763427734,5.491252422332764,2.506822347640991,6.1041717529296875,10.630550384521484,8.816965103149414,10.341744422912598,9.294150352478027,9.048026084899902,6.484781742095947,7.683647632598877,5.057640075683594,3.2839701175689697,-0.18324528634548187,-0.2813754677772522,2.530071496963501
1_marina_04.wav,0.3286980390548706,0.01810399629175663,1198.3710325578595,1500.5728036478513,2209.231085526316,0.05383086622807018,-485.277587890625,124.33769989013672,2.136272668838501,15.328396797180176,-13.03369140625,2.3803136348724365,-16.399322509765625,-8.394968032836914,5.105909824371338,-1.330203890800476,-8.449572563171387,-4.290517330169678,-5.634289741516113,4.3529372215271,7.1134443283081055,-0.2774709165096283,9.769049644470215,-9.20096492767334,-1.2445039749145508,1.335756778717041,-1.53067147731781,8.486217498779297,5.221321105957031,2.4604411125183105,4.603153705596924,11.569403648376465,5.09518575668335,10.583829879760742,8.103314399719238,8.54896068572998,7.581164360046387,4.674407958984375,9.1666898727417,2.943458318710327,5.314620018005371,-0.8897613883018494,-1.9839105606079102,-2.8036370277404785,-0.21826833486557007,0.41569945216178894
1_marina_17.wav,0.2453349381685257,0.00926100555807352,1442.4939892064483,1671.743064855108,3019.1943359375,0.054188368055555554,-536.2146606445312,127.44056701660156,-9.256088256835938,32.918922424316406,-19.084144592285156,16.331697463989258,-14.097123146057129,-15.96415901184082,-4.432063579559326,7.608713626861572,-1.2076138257980347,-4.30839204788208,0.4912508726119995,-5.974835395812988,5.010222911834717,-7.089732646942139,3.8958892822265625,-5.41123628616333,-6.586887836456299,-3.8118834495544434,-6.097273826599121,-3.9304511547088623,-1.017621397972107,2.763333320617676,-9.384310722351074,4.926990509033203,0.46110954880714417,3.8121602535247803,12.98415756225586,12.258055686950684,16.77161979675293,10.104310989379883,8.309802055358887,6.199248790740967,4.522532939910889,-0.30332130193710327,2.512345790863037,-3.426595687866211,0.05504407361149788,3.5921454429626465
2_mohab_12.wav,0.37132418155670166,0.0228018369525671,1508.3101066192705,2409.155048117905,3037.094064486229,0.040283203125,-439.9259948730469,111.55413818359375,48.61958694458008,27.159879684448242,21.190349578857422,14.391434669494629,3.4041295051574707,2.826904058456421,-1.4929336309432983,9.359248161315918,-2.986130475997925,7.214662075042725,-6.236163139343262,-1.1807565689086914,-7.4003825187683105,7.070449352264404,-7.629900932312012,4.4186296463012695,-2.551882743835449,3.3909833431243896,-4.606727600097656,1.8310781717300415,-3.4556355476379395,-2.537468910217285,-2.7925939559936523,-2.8570430278778076,-4.485205173492432,-4.0145487785339355,-3.0430150032043457,-3.329216718673706,-4.35933256149292,-3.310901165008545,-4.445686340332031,-3.383897542953491,-4.669166088104248,-2.1708688735961914,-4.395104885101318,-2.1954944133758545,-3.5842859745025635,-1.6285171508789062
2_mohab_23.wav,0.5219358801841736,0.028934631496667862,2391.7811121389827,2830.4332972827756,5620.478091032609,0.09960229846014493,-418.10601806640625,90.45372772216797,25.068086624145508,16.88224220275879,23.456533432006836,6.320927143096924,0.21435610949993134,0.909610390663147,-10.0084810256958,4.825583457946777,-4.6226420402526855,11.066837310791016,-11.411077499389648,5.084104061126709,-4.563871383666992,8.537386894226074,-7.2469048500061035,4.444027900695801,-5.550766468048096,3.436070680618286,1.8202317953109741,2.467665910720825,-1.005444884300232,0.6879867911338806,-2.1169631481170654,1.2268120050430298,-3.1323013305664062,-3.527374505996704,-0.8495820760726929,-0.37645259499549866,-1.921013593673706,0.8220577239990234,0.9382683634757996,3.381394863128662,-0.31406790018081665,0.9480045437812805,-2.5208373069763184,-1.1166465282440186,-3.0780189037323,-0.11556097120046616
1_marina_16.wav,0.32121941447257996,0.010772431269288063,1292.5436293702203,1636.6128774611325,2750.986328125,0.03552517361111111,-526.1058959960938,131.3268280029297,-4.298121929168701,29.134641647338867,-8.593127250671387,19.357004165649414,-8.389644622802734,-15.10729694366455,1.6389530897140503,9.992977142333984,-0.5617088079452515,-0.8330813050270081,3.3717291355133057,-1.5632686614990234,10.313226699829102,0.5500732064247131,5.509605407714844,-0.08065889030694962,-2.9191091060638428,-0.4831615090370178,-4.684296131134033,-2.1294143199920654,2.592118740081787,1.199095606803894,-1.1381365060806274,10.216629028320312,0.4813688397407532,6.639206886291504,11.207876205444336,6.56867790222168,14.553004264831543,9.468879699707031,8.032569885253906,11.555624961853027,8.793957710266113,4.665904998779297,4.72476053237915,-0.6908396482467651,3.43748140335083,1.269898772239685
1_mohab_14.wav,0.46101298928260803,0.02786564826965332,2082.5591040090003,2780.5571330337502,5209.630816915761,0.05836022418478261,-409.3915100097656,100.83294677734375,36.025821685791016,12.555729866027832,17.92793846130371,15.54674243927002,7.428793430328369,11.982215881347656,1.9079581499099731,15.099905014038086,-6.677709579467773,6.485702991485596,-14.808638572692871,1.9192039966583252,-8.382634162902832,7.646151542663574,-9.193124771118164,2.7400522232055664,-8.293045043945312,5.128785610198975,-7.014405727386475,-0.667760968208313,-4.647183418273926,1.925922155380249,-1.9759974479675293,-0.6628387570381165,-2.104418992996216,0.19705775380134583,-2.8860416412353516,-0.2308923900127411,-2.684704303741455,-0.32014644145965576,-1.2136582136154175,-1.943458914756775,-2.488720417022705,0.944284200668335,-3.3397040367126465,-1.0655438899993896,-3.0828466415405273,-3.6714630126953125
1_marina_21.wav,0.26658907532691956,0.01629115454852581,1059.129002228513,1425.5967311558006,2004.056063565341,0.03951748934659091,-500.32958984375,143.78680419921875,7.132111072540283,14.176458358764648,-14.65963363647461,10.636031150817871,-14.487748146057129,-18.09197425842285,0.03468215838074684,2.961958408355713,-6.707456588745117,-4.031285285949707,-5.251283168792725,-4.365056037902832,4.226127624511719,-8.17659854888916,3.371431589126587,-3.1128487586975098,-5.868176460266113,0.47307661175727844,-3.2289748191833496,-5.336669445037842,-1.6855143308639526,3.065600633621216,-2.3555562496185303,5.603748798370361,-0.06427374482154846,2.019071340560913,7.359960556030273,7.7096967697143555,12.044515609741211,9.097225189208984,9.79373836517334,6.611721515655518,5.17008638381958,3.0288121700286865,2.776654005050659,-3.0362558364868164,-1.7116978168487549,0.7579708099365234
1_mohab_23.wav,0.5391458868980408,0.03204253315925598,2167.885213897363,2815.0574980305128,5294.6179841694075,0.06635485197368421,-414.47357177734375,102.0846939086914,38.76014709472656,11.749406814575195,15.88608455657959,5.698391914367676,0.2894371449947357,2.0274465084075928,-4.734330654144287,8.501754760742188,-7.573653221130371,10.59500503540039,-7.954189777374268,-0.3840431272983551,-7.162448406219482,12.145072937011719,-6.344910621643066,4.038798809051514,-2.3615615367889404,6.125865936279297,-5.672831058502197,2.8480234146118164,-2.241731643676758,0.025609776377677917,-1.7850860357284546,-0.846757709980011,-1.7123371362686157,-1.0055347681045532,-3.0114328861236572,1.5980113744735718,-1.183221459388733,-1.3845285177230835,-1.9483933448791504,-0.6150507926940918,-2.8300621509552,-0.19580897688865662,-1.7698848247528076,-1.2427656650543213,-1.9759902954101562,-1.5315427780151367
1_mohab_24.wav,0.48097649216651917,0.03753061220049858,2147.3968089445198,2749.3496257926963,5173.777048211348,0.07247764185855263,-408.2631530761719,99.05399322509766,44.91813278198242,11.678194046020508,8.427162170410156,6.851057529449463,-3.5641977787017822,1.7783476114273071,0.02340812422335148,5.846306324005127,-3.334092140197754,5.427241802215576,-8.91716194152832,-2.1156160831451416,-1.4611505270004272,5.801173210144043,-4.374823093414307,4.155383110046387,-3.298515558242798,5.604485511779785,-5.8050217628479,3.494478702545166,-1.7020779848098755,-0.3775675296783447,-2.002695322036743,-0.23660597205162048,-4.7147111892700195,-3.2704598903656006,-0.9816296100616455,-2.258500814437866,0.17077651619911194,-1.2040259838104248,-1.7901396751403809,0.3890882134437561,-3.027334690093994,0.5717636942863464,-2.9995405673980713,-0.5174163579940796,-2.1294312477111816,-0.6724677681922913
2_marina_21.wav,0.2330944985151291,0.01326337642967701,1452.1287227610264,1667.2499009189407,2860.4327033547793,0.05356014476102941,-524.6923217773438,109.8673324584961,-11.70388412475586,23.269214630126953,-12.143270492553711,15.799556732177734,-0.18097759783267975,-15.947689056396484,-0.34309121966362,7.248098373413086,-1.0956625938415527,-5.983084678649902,2.1019833087921143,1.1874662637710571,-5.220600605010986,-3.3786773681640625,2.1181633472442627,-11.00365161895752,-2.0141420364379883,-7.0908203125,-8.172033309936523,1.4527699947357178,-7.625790596008301,1.5387440919876099,-2.735473155975342,-1.9053308963775635,4.922361850738525,0.0864482894539833,7.465071678161621,13.644929885864258,12.08672046661377,16.698780059814453,14.589094161987305,7.85870885848999,7.903024196624756,4.237939357757568,4.274377346038818,1.4330217838287354,2.442411422729492,3.489483118057251
1_marina_11.wav,0.33453890681266785,0.015834622085094452,1276.5834951360646,1634.2148610996176,2637.1444702148438,0.039693196614583336,-499.8263854980469,122.04894256591797,-1.9207229614257812,24.33611488342285,-6.788699626922607,20.978918075561523,-6.9063401222229,-20.04901695251465,-6.6579976081848145,4.016202449798584,-0.4321852922439575,1.9871320724487305,4.222525119781494,7.4297099113464355,7.717353820800781,-7.270369052886963,8.700159072875977,-3.4658145904541016,-3.8778343200683594,5.347605228424072,-1.2839990854263306,-1.1671956777572632,1.283854365348816,-0.15818606317043304,-4.367825031280518,3.5922348499298096,-1.1960532665252686,6.05666971206665,10.05928897857666,9.280679702758789,9.548147201538086,10.266264915466309,15.390595436096191,9.012879371643066,7.133364200592041,0.4000371992588043,-0.29205968976020813,-4.085671901702881,0.17460787296295166,5.223323345184326
2_mohab_17.wav,0.5824350714683533,0.027018634602427483,2314.1833384623656,2866.259966421245,5887.53662109375,0.07188585069444445,-433.2335205078125,86.89429473876953,23.362857818603516,11.563822746276855,16.52035903930664,10.78952693939209,4.398523330688477,4.019815444946289,-4.638275146484375,6.425274848937988,-2.5399298667907715,8.332267761230469,-7.262980937957764,2.4333138465881348,-2.247586965560913,9.375421524047852,-7.01970100402832,6.414927959442139,-4.407296657562256,2.898488759994507,0.41241055727005005,2.9784302711486816,-0.18277348577976227,0.16182751953601837,1.0077427625656128,-1.4009063243865967,1.205147385597229,-0.20485666394233704,-0.3093309998512268,0.039819441735744476,-0.2587169110774994,2.8015825748443604,0.3248259425163269,1.404950737953186,-0.8940333724021912,-0.19635340571403503,-2.3415307998657227,-0.27990683913230896,-1.1088624000549316,0.3717065155506134
2_marina_06.wav,0.32960939407348633,0.009085831232368946,1452.1564964540496,1594.4401095108144,2747.8759765625,0.07175761521464646,-537.5579833984375,114.67616271972656,-1.3400479555130005,25.06870460510254,-1.4773932695388794,15.697054862976074,-5.520678520202637,-9.158458709716797,2.8782808780670166,6.7832350730896,-3.7860703468322754,-0.9503823518753052,5.356445789337158,-2.403268575668335,3.826538324356079,3.5728976726531982,5.392207145690918,1.1865661144256592,2.2769293785095215,-4.268856048583984,-0.8124973177909851,-1.5080734491348267,-4.261736869812012,3.392876148223877,-1.753401279449463,6.477566719055176,1.2788023948669434,1.9569227695465088,6.056122303009033,7.887741565704346,14.189276695251465,9.58198356628418,8.722794532775879,4.959404945373535,5.558897018432617,5.4292378425598145,4.330183029174805,1.5981457233428955,1.2967703342437744,-1.2253657579421997
1_marina_24.wav,0.36493608355522156,0.007609976455569267,1092.7411589067747,1452.6758836865104,2016.4458926361385,0.04409034653465346,-548.5526733398438,138.2779083251953,-0.8960840106010437,2.3477187156677246,5.405894756317139,12.245030403137207,-1.7528736591339111,-2.545649766921997,0.42462846636772156,5.440995216369629,-1.5986757278442383,1.427893877029419,4.664270401000977,-2.4590110778808594,-1.5473755598068237,-4.595735549926758,3.9592444896698,-2.3044378757476807,-1.199339747428894,1.8828598260879517,0.277309387922287,2.492035388946533,-1.5784320831298828,1.87052583694458,-0.8396443128585815,1.0835126638412476,0.3950197696685791,-1.1234428882598877,2.43284010887146,3.0553667545318604,4.971828460693359,7.997833728790283,9.725607872009277,7.60359525680542,7.067537307739258,4.616614818572998,4.3712358474731445,-0.3192441165447235,-1.7279596328735352,1.6452982425689697
2_mohab_20.wav,0.4938846230506897,0.029963472858071327,2143.694164446845,2818.9103018014434,5481.916610054348,0.06212494338768116,-400.25396728515625,100.99571228027344,17.570714950561523,10.728553771972656,26.602710723876953,8.822904586791992,5.713975429534912,2.7394354343414307,-10.519433975219727,7.229901313781738,-3.4373936653137207,6.403382301330566,-12.030936241149902,3.7639143466949463,-3.018220901489258,9.641851425170898,-11.599266052246094,5.6849541664123535,-5.872262477874756,6.417397499084473,-0.4876127243041992,2.470975399017334,-0.39408767223358154,2.314382791519165,1.0050934553146362,-1.391465663909912,-0.759772777557373,-1.1235243082046509,0.2997983992099762,-3.3693861961364746,-3.4222798347473145,1.9165781736373901,0.7985719442367554,2.9908859729766846,-2.967578649520874,-1.020612120628357,-4.907972812652588,-2.0003819465637207,-0.23711660504341125,2.284642457962036
1_marina_10.wav,0.3027424216270447,0.008894678205251694,1406.887097734682,1550.7323961794377,2625.4194779829545,0.07126686789772728,-561.1112060546875,115.52215576171875,-17.712406158447266,8.950952529907227,-5.192160606384277,9.578266143798828,-8.039416313171387,-18.11878776550293,-11.605331420898438,1.873934268951416,4.576239585876465,-2.041179656982422,-1.9487334489822388,4.515228271484375,3.5074148178100586,-4.432836532592773,8.749265670776367,1.7179112434387207,0.45038455724716187,2.797187089920044,-5.27944803237915,-5.9927849769592285,-1.0907553434371948,-2.268742084503174,-8.38320541381836,-3.212564706802368,-4.994770050048828,4.633697032928467,11.392448425292969,12.554346084594727,15.590792655944824,15.73648738861084,13.497459411621094,2.8642449378967285,2.0194897651672363,-1.8189886808395386,-0.8745774626731873,-2.6247446537017822,-5.17039155960083,-1.4372498989105225
2_mohab_21.wav,0.5633465647697449,0.021714501082897186,2384.319196863835,2921.558223437906,6035.87646484375,0.07848849826388889,-448.5796813964844,82.98812866210938,27.61392593383789,18.155309677124023,21.068613052368164,8.519417762756348,1.162605881690979,4.366847038269043,-3.598463296890259,8.019590377807617,-1.7003988027572632,8.012001991271973,-6.754209518432617,4.498371601104736,-4.29730749130249,7.112561225891113,-6.2897820472717285,5.915641784667969,-4.898321151733398,6.033078193664551,-0.2406807541847229,3.483187437057495,0.7841142416000366,1.8670718669891357,0.8294423222541809,1.6880673170089722,0.4739665687084198,1.0035686492919922,0.2583107352256775,0.7697726488113403,-1.265702247619629,0.9366059303283691,-0.5343057513237,1.892662763595581,-2.162116527557373,0.027083799242973328,-1.8528695106506348,0.414304256439209,-1.543907642364502,0.7410856485366821
1_marina_19.wav,0.3123338222503662,0.013632884249091148,1066.1813897887414,1480.8294741554616,2143.283650026483,0.036761784957627115,-525.845458984375,133.44313049316406,6.146026134490967,15.455678939819336,-7.870201587677002,16.08584976196289,-8.180424690246582,-10.660293579101562,6.026916027069092,5.709218978881836,0.23835857212543488,1.5859861373901367,2.3971784114837646,-1.0164580345153809,4.20198917388916,-1.1857763528823853,4.717191696166992,-2.993375301361084,-0.6763402223587036,0.6438071131706238,-4.523664951324463,0.48691338300704956,-0.4851186275482178,7.661555767059326,2.323758363723755,3.2368414402008057,0.32888028025627136,-0.9661834239959717,7.612433910369873,8.895358085632324,18.670528411865234,15.525404930114746,9.22715950012207,5.953189373016357,3.636906623840332,5.536132335662842,3.673844575881958,-0.5276598334312439,-1.303421139717102,-1.0811086893081665
1_marina_23.wav,0.31115415692329407,0.012320454232394695,1225.240931135622,1555.2208726914005,2335.2847769240702,0.04927605242768595,-526.8202514648438,107.44924926757812,7.990502834320068,17.55787467956543,-0.5380856990814209,4.059560298919678,-7.148667335510254,-7.3721232414245605,9.090317726135254,3.942230701446533,-6.76118803024292,-4.2551350593566895,-4.55259895324707,-2.0867810249328613,1.3914903402328491,-4.3094682693481445,1.8236017227172852,-1.0283517837524414,-5.157635688781738,-2.0913989543914795,-0.4741309881210327,-2.1998236179351807,-0.31067168712615967,3.5605504512786865,1.4396543502807617,3.280740976333618,-1.6918593645095825,0.07132086902856827,3.324195146560669,5.573008060455322,12.289752960205078,8.08548641204834,6.229992866516113,4.976469039916992,0.6632727980613708,1.3623840808868408,3.141981601715088,-0.9808949828147888,-1.7581393718719482,-0.29096701741218567
2_mohab_24.wav,0.5915262699127197,0.023117272183299065,2521.281835134149,2955.866220350184,6191.39404296875,0.0953125,-439.7936706542969,83.27153015136719,25.302156448364258,12.649739265441895,17.17937660217285,5.975420951843262,2.9847192764282227,2.7808032035827637,-5.982646465301514,8.68106460571289,-2.399278402328491,9.185513496398926,-5.988591194152832,3.912087917327881,-2.0087995529174805,7.787896156311035,-5.155433177947998,5.347912788391113,-4.4342360496521,6.189411163330078,0.43451988697052,2.4254915714263916,-0.9084344506263733,-0.3016020655632019,0.8877853155136108,2.507744312286377,0.7526369690895081,0.7949775457382202,0.3042241334915161,-0.31079259514808655,-2.0227928161621094,0.8575246930122375,-0.05977920815348625,2.23831844329834,0.12040895968675613,0.8421614170074463,-1.2545132637023926,-0.8183302879333496,-1.7289930582046509,-0.043159205466508865
2_mohab_16.wav,0.5309134721755981,0.035723064094781876,2264.7460030815596,2785.203359491196,5571.5240478515625,0.07582310267857142,-397.4966735839844,87.81073760986328,26.275495529174805,14.411887168884277,22.59967041015625,13.228635787963867,-1.2504791021347046,-0.1264168918132782,-10.117353439331055,9.085701942443848,-4.576223850250244,10.406949996948242,-11.046823501586914,-0.9897233843803406,-3.2755770683288574,7.09079122543335,-8.2061185836792,5.013148784637451,-2.975252389907837,4.279270648956299,2.1283421516418457,3.365428924560547,-0.45503976941108704,-0.13108429312705994,0.34974533319473267,-0.11361164599657059,-1.836447834968567,-2.1033365726470947,-1.4687050580978394,1.0952068567276,-1.1354306936264038,1.735850214958191,-0.45901864767074585,4.167213439941406,-1.4779272079467773,-0.7923368811607361,-1.2390769720077515,-0.38324061036109924,-2.7861552238464355,-0.15670032799243927
1_mohab_01.wav,0.47404944896698,0.02118302322924137,2061.124293062437,2843.493893483971,5239.121942934783,0.057829483695652176,-421.68060302734375,99.9473648071289,33.47553253173828,14.080248832702637,34.93489074707031,19.59425926208496,-5.573391914367676,-0.5124809145927429,-5.68302583694458,11.89409351348877,-5.139811038970947,13.55679702758789,-0.38756635785102844,2.4862611293792725,-7.712915420532227,11.308849334716797,-2.909442663192749,8.212761878967285,-5.410848617553711,5.979417324066162,-6.124608516693115,6.645620822906494,-2.690760850906372,1.2778360843658447,-1.41176176071167,3.445868968963623,-3.3825743198394775,2.5988707542419434,0.6535260081291199,-0.13381579518318176,-4.546905517578125,2.3707165718078613,0.4363660216331482,-0.17258436977863312,-4.06097936630249,-2.2159204483032227,-2.7179014682769775,1.574094533920288,-2.072336435317993,-1.7695313692092896
2_marina_15.wav,0.25034254789352417,0.018353935331106186,1450.3016670390653,1584.70832070332,2923.934092420213,0.06005859375,-471.95172119140625,116.21501922607422,-24.335615158081055,25.87733268737793,-1.8879352807998657,16.640586853027344,-16.9581241607666,-26.21148109436035,6.367625713348389,8.926519393920898,-3.8569283485412598,2.2780585289001465,1.0674712657928467,-9.027685165405273,4.615416526794434,2.7332913875579834,-6.6709465980529785,-4.5174665451049805,1.5821750164031982,-10.5353422164917,-7.322149276733398,-3.6597540378570557,-2.333350419998169,1.3609541654586792,-2.0031871795654297,6.878044605255127,0.22141870856285095,5.289581775665283,8.234838485717773,6.6633501052856445,12.304285049438477,14.93085765838623,14.48200798034668,8.909011840820312,9.822992324829102,-0.38982540369033813,-3.1364054679870605,0.48178189992904663,4.569817543029785,-0.9134395122528076
1_marina_20.wav,0.2779349088668823,0.01166032999753952,1125.8003525835813,1436.0226686307192,2053.561019897461,0.045379638671875,-516.2193603515625,137.11538696289062,-3.038398027420044,11.090312957763672,-4.016302585601807,9.132913589477539,-12.816873550415039,-11.749945640563965,1.901190161705017,7.472334861755371,-4.323099136352539,-1.8065271377563477,0.6665295958518982,-4.839571952819824,1.6253312826156616,-3.7485804557800293,3.229475736618042,-1.8342829942703247,0.3836289048194885,-1.7190306186676025,-4.192313194274902,-0.9712388515472412,-2.0168700218200684,2.215250015258789,0.3808997571468353,6.992659568786621,1.9595603942871094,1.8286640644073486,5.222583770751953,4.9291768074035645,8.975737571716309,12.373823165893555,12.639036178588867,6.754050254821777,8.284751892089844,7.5291852951049805,3.0152130126953125,-3.392670154571533,0.17319071292877197,-0.38264352083206177
2_mohab_13.wav,0.48190203309059143,0.027701156213879585,2373.9178420837156,2781.505513208493,5671.77734375,0.08763485863095238,-409.6160583496094,88.64852905273438,20.84330940246582,17.621309280395508,26.270727157592773,7.863168239593506,-0.15516674518585205,1.1974087953567505,-14.127970695495605,11.432079315185547,-8.574992179870605,11.102988243103027,-7.7595930099487305,0.45524758100509644,-6.710132122039795,8.169877052307129,-7.543293476104736,4.861144065856934,-4.13445520401001,4.047976970672607,-1.1963683366775513,3.9178099632263184,-1.5429012775421143,0.7381146550178528,-0.269528329372406,-0.6811975240707397,-0.9018352031707764,0.6900581121444702,-0.3703669011592865,2.6542110443115234,-2.361009359359741,1.7382017374038696,-2.819286346435547,1.4008222818374634,-4.384657859802246,-1.7275198698043823,-3.5015203952789307,-1.0873850584030151,-4.444478511810303,-2.5017378330230713
2_mohab_15.wav,0.4792534410953522,0.03428920358419418,2286.3162315523214,2753.605109431455,5335.984400699013,0.08727384868421052,-372.9764099121094,92.98405456542969,20.64539337158203,15.427988052368164,26.337858200073242,11.698092460632324,-1.1429877281188965,5.564558982849121,-9.08221435546875,12.728249549865723,-6.178497791290283,9.579134941101074,-10.460010528564453,3.931666612625122,-4.433093547821045,6.89955472946167,-5.813204288482666,5.093410491943359,-4.646722793579102,5.419099807739258,-3.1092946529388428,2.7296903133392334,-1.6416982412338257,-1.4079442024230957,-1.26175856590271,0.7336569428443909,-1.797202706336975,0.4596610963344574,-1.7705615758895874,0.8974471688270569,-2.129672050476074,2.869112491607666,-1.5379427671432495,1.8430193662643433,-1.9217673540115356,-0.5521823167800903,-2.6996822357177734,-1.1886688470840454,-2.383573532104492,-0.636702299118042
1_mohab_18.wav,0.5010408163070679,0.0236081313341856,2628.0432710846258,3086.5577246989005,6649.09793814433,0.0917566043814433,-415.46044921875,88.52985382080078,41.576229095458984,9.695709228515625,12.212323188781738,7.03689432144165,-2.203403949737549,1.0801119804382324,-3.9314661026000977,6.220787048339844,-6.703827857971191,6.510363578796387,-5.075348377227783,4.338644504547119,-1.9420521259307861,9.295269966125488,-7.496583461761475,1.6917591094970703,-4.759703636169434,3.3820016384124756,-7.102511405944824,3.323805570602417,-6.0350518226623535,1.6733728647232056,-2.565516710281372,-0.4540586471557617,-0.8191031217575073,0.9835944175720215,-1.5164060592651367,0.38325756788253784,-2.869882106781006,-0.1085088849067688,-4.4152750968933105,0.11479709297418594,-1.783634901046753,2.1071457862854004,-2.434621810913086,1.6360681056976318,-1.4860634803771973,-0.15383541584014893
2_marina_10.wav,0.29409730434417725,0.015112007968127728,1264.9584713411018,1501.6961805106432,2399.696044921875,0.05633138020833333,-501.8582458496094,119.0575942993164,-12.566793441772461,17.983530044555664,-0.636076033115387,11.756820678710938,-11.925889015197754,-13.096759796142578,5.313592433929443,4.641462326049805,-5.646152019500732,-0.9598603844642639,-7.004461765289307,-5.063940048217773,6.494748115539551,-6.873354434967041,4.1800217628479,-1.5251469612121582,-2.764970064163208,-1.9117461442947388,-6.41886568069458,-0.2613287568092346,-2.835329294204712,0.27277371287345886,-2.649264097213745,1.9338420629501343,3.273282766342163,2.973755359649658,10.36997127532959,15.86552619934082,12.31883430480957,7.535693645477295,6.367641925811768,1.6602110862731934,4.678430557250977,4.290441513061523,3.6210315227508545,-2.0726752281188965,-1.5271233320236206,0.9764801263809204
1_marina_02.wav,0.3638860285282135,0.00999278575181961,1222.9056817220512,1460.3519452406538,2157.293701171875,0.06023297991071429,-533.2755126953125,126.323974609375,-5.393272399902344,7.978743076324463,-1.6889595985412598,3.26812481880188,-13.580650329589844,-7.565074443817139,4.7078166007995605,0.559114396572113,-2.1530888080596924,-0.7800909876823425,-3.1293156147003174,7.574149131774902,10.07120132446289,0.6150709390640259,10.74521255493164,-2.530106544494629,0.079879030585289,3.7323994636535645,-3.026013135910034,7.057468414306641,7.117666244506836,2.1997220516204834,-1.8046411275863647,3.927539587020874,2.644819736480713,2.4518609046936035,5.818853855133057,8.510346412658691,13.104050636291504,9.847921371459961,6.317572593688965,2.4575235843658447,2.5657167434692383,-0.5493376851081848,-1.8754842281341553,-0.5444009304046631,-0.7359059453010559,-3.623948335647583
2_mohab_14.wav,0.4626392722129822,0.0390017069876194,2211.6827269670225,2914.787635189139,5753.5400390625,0.07376036352040816,-385.9979553222656,100.45274353027344,28.392919540405273,5.069406032562256,33.1309814453125,10.634574890136719,-4.2445387840271,-2.042236089706421,-23.940078735351562,8.785244941711426,-5.848953723907471,11.803503036499023,-14.45831298828125,0.46134835481643677,-4.236365795135498,9.923665046691895,-10.957849502563477,7.418065071105957,-2.6061463356018066,1.9667909145355225,-1.272557020187378,2.191768169403076,-4.2440571784973145,-0.15940089523792267,-1.6773918867111206,-1.0616230964660645,-1.3975732326507568,-0.6316432356834412,-2.6896162033081055,-0.8509818315505981,-1.575355052947998,2.785072088241577,-2.493705987930298,2.1110053062438965,-1.7812519073486328,-0.9011874794960022,-2.3005547523498535,-2.435431718826294,-0.32951393723487854,0.14138589799404144
2_mohab_22.wav,0.5594733953475952,0.0255392137914896,2421.6360618661347,2885.7991829255748,5981.949771743223,0.08665521460843373,-432.9142150878906,89.3822250366211,24.565975189208984,12.573301315307617,19.546876907348633,7.629831314086914,1.286848545074463,3.4070489406585693,-8.536486625671387,7.703494071960449,-2.80012583732605,9.979382514953613,-9.240538597106934,4.300983905792236,-3.0550806522369385,7.715826988220215,-6.394376754760742,4.389508247375488,-4.750124454498291,4.019340515136719,-0.8069405555725098,2.1595582962036133,-0.35533568263053894,-0.7025941610336304,1.1464686393737793,-0.20392481982707977,0.3103899657726288,-0.29065045714378357,0.6370022892951965,1.183165431022644,0.6557490825653076,1.4772553443908691,-1.2661607265472412,1.2089029550552368,-3.7993741035461426,0.7929683923721313,-1.6050890684127808,0.47073107957839966,-0.9514815807342529,0.3699410557746887
2_marina_23.wav,0.27080270648002625,0.009626518934965134,1496.1222865482493,1746.293168647247,3025.6162839515187,0.06409718165887851,-540.0891723632812,105.70603942871094,2.9437527656555176,18.451751708984375,1.118509292602539,18.903778076171875,-6.468043804168701,-10.105874061584473,-0.32496175169944763,4.42595911026001,-6.005951404571533,-2.6290125846862793,2.2929677963256836,-4.224234104156494,3.29927396774292,-2.172851800918579,1.3429696559906006,-5.532231330871582,-1.8274366855621338,-3.5539679527282715,-4.839992046356201,-0.861656129360199,-3.9737563133239746,4.002779006958008,-3.1731650829315186,4.658496856689453,4.588924884796143,0.7975719571113586,7.143725395202637,6.299437999725342,11.004768371582031,10.073726654052734,7.1551313400268555,4.751086235046387,5.430016040802002,4.785710334777832,6.577712059020996,2.203767776489258,-0.12073957175016403,3.8905088901519775
1_marina_14.wav,0.3022988438606262,0.00786970928311348,1249.9431886368955,1483.970436940335,2385.841128700658,0.06030701754385965,-549.3131103515625,141.7423858642578,-12.571165084838867,22.221677780151367,-1.1266323328018188,8.339889526367188,-11.355929374694824,-6.190609455108643,1.882036566734314,-0.42663222551345825,-0.9285153150558472,2.1369919776916504,-2.621241569519043,-2.6291303634643555,7.935742378234863,-2.913043737411499,3.5768322944641113,-2.8527231216430664,-5.47540807723999,-2.6765284538269043,-3.590909481048584,-2.444349527359009,-4.676333904266357,-1.5088638067245483,-3.0315065383911133,1.1540100574493408,-5.012180805206299,-1.6282224655151367,4.261214256286621,8.00178337097168,15.012774467468262,10.150529861450195,8.169204711914062,7.40433931350708,7.211726665496826,3.1696345806121826,0.9904018640518188,1.773450255393982,1.8896520137786865,-1.090541958808899
1_marina_06.wav,0.34048429131507874,0.013829098083078861,1166.1651482541592,1480.1202719062508,2109.6205767463234,0.05080039828431373,-504.0321044921875,127.96314239501953,2.349411964416504,14.097294807434082,-8.98703670501709,6.199398040771484,-16.8846378326416,-15.76043701171875,-0.6493680477142334,2.1103127002716064,0.2669309675693512,-4.806454181671143,-5.36649751663208,8.23581600189209,6.022078514099121,2.347166061401367,14.251996994018555,-8.761543273925781,-0.5990973114967346,4.171910762786865,0.11125222593545914,10.197952270507812,3.8028345108032227,-0.8777485489845276,-2.803133010864258,4.857956886291504,4.887522220611572,10.11588191986084,10.370229721069336,11.245902061462402,9.95698070526123,3.4782888889312744,7.570532321929932,2.2712173461914062,2.9711172580718994,0.029042934998869896,-0.7018541693687439,1.4321024417877197,0.2084866464138031,-3.1628758907318115
2_mohab_19.wav,0.5286386013031006,0.029266266152262688,2025.536935413239,2701.42593418862,4848.343373493976,0.06192935805722891,-400.5805358886719,103.3076400756836,20.245403289794922,9.089312553405762,21.38680648803711,7.522519111633301,4.307005882263184,5.047542572021484,-4.232466220855713,9.559264183044434,-1.981953501701355,9.742537498474121,-8.28391170501709,2.686062812805176,-3.6926140785217285,7.417502403259277,-5.897934913635254,5.138306140899658,-4.7107672691345215,4.077004909515381,-1.0470246076583862,2.9188997745513916,0.7103371620178223,-1.0652285814285278,-0.7535350322723389,0.40166568756103516,-0.7007258534431458,-3.005835771560669,-0.7298030257225037,-1.8552663326263428,-0.7280663847923279,-0.3873731195926666,-0.687677264213562,1.6575374603271484,-2.741333484649658,0.9341486692428589,-1.3835045099258423,0.5226935744285583,-1.6716763973236084,-0.28471869230270386
2_marina_16.wav,0.2780773639678955,0.016880765557289124,1413.1792363197067,1567.76352978963,2767.2088623046875,0.06350272042410714,-475.08001708984375,115.49424743652344,-21.834949493408203,28.592782974243164,1.4767285585403442,12.191447257995605,-15.878118515014648,-17.115108489990234,3.391540288925171,6.480157375335693,-5.51267671585083,1.3994903564453125,2.101959466934204,-6.257606029510498,5.274379253387451,-2.881693124771118,-4.445127010345459,-5.752438068389893,0.9574304223060608,-7.402789115905762,-8.323792457580566,-5.105373382568359,-5.534239768981934,2.8913893699645996,-3.545029401779175,6.839585304260254,4.136682033538818,6.179942607879639,7.839060306549072,2.7453010082244873,9.610504150390625,8.69225025177002,10.087882995605469,6.7162017822265625,4.9123454093933105,0.023897647857666016,-2.842754364013672,-1.4722074270248413,4.760406494140625,1.7869895696640015
1_marina_22.wav,0.34564775228500366,0.013170702382922173,1411.1127609666532,1650.7156943873335,2891.4502753586066,0.06671042520491803,-535.0874633789062,105.94728088378906,4.351310729980469,15.6295804977417,-2.127244710922241,2.52006459236145,-11.258333206176758,-8.348954200744629,3.57975697517395,4.766374588012695,-5.24849271774292,-5.616243362426758,-1.966982126235962,-0.12179698795080185,1.4778316020965576,-4.068846225738525,3.635242223739624,-5.4425578117370605,-5.366837024688721,-3.876106023788452,-4.669972896575928,-0.1765017956495285,-5.223260402679443,0.2943071126937866,-1.2624818086624146,-1.6366937160491943,-1.010242223739624,1.8177061080932617,8.070430755615234,10.596168518066406,12.29205322265625,10.704769134521484,7.688582420349121,1.8027201890945435,2.8029630184173584,3.7321929931640625,2.590235948562622,-1.3655211925506592,-1.5750384330749512,-0.7476834654808044
2_mohab_01.wav,0.4837709963321686,0.025598859414458275,2328.3365822394403,2975.707892103923,6228.756493637242,0.0653491462628866,-430.366943359375,83.16816711425781,39.31049728393555,19.002113342285156,20.98974609375,8.31051254272461,3.4217634201049805,5.035149574279785,0.5250595211982727,9.868538856506348,1.4115240573883057,7.0460638999938965,-7.243194103240967,-1.881636619567871,-6.350630760192871,7.061748027801514,-7.09115743637085,2.0538012981414795,-1.3169938325881958,2.375434637069702,-1.537212610244751,1.6512582302093506,-2.287479877471924,-0.5766443610191345,-0.2713472843170166,-2.2388532161712646,-2.581418752670288,-2.8913187980651855,-2.7164132595062256,0.6636911034584045,-2.569796323776245,0.9881835579872131,-2.3390257358551025,-1.1478042602539062,-3.4042253494262695,-0.9351702928543091,-3.9571545124053955,-0.9056280851364136,-2.357767343521118,-0.7252326011657715
1_marina_12.wav,0.39074715971946716,0.012375598773360252,1377.8284039496327,1645.314646739839,2685.521709735577,0.057061298076923075,-533.9644775390625,111.51093292236328,-11.337396621704102,9.673928260803223,1.1703476905822754,12.32197093963623,-6.101588249206543,-13.727169036865234,-7.158956050872803,0.3992880880832672,3.0631589889526367,4.12172269821167,0.17774085700511932,5.51157808303833,9.217086791992188,-7.311359882354736,6.800078868865967,0.995212733745575,-6.875711917877197,6.617855072021484,-1.9852086305618286,-6.662830829620361,1.7406103610992432,1.0781962871551514,-1.0773117542266846,2.6185123920440674,1.382229208946228,5.056395053863525,5.911139011383057,7.374281883239746,7.129901885986328,7.944723606109619,9.642919540405273,2.899502754211426,2.5553359985351562,-0.8811442255973816,-2.3163039684295654,-1.3768419027328491,-0.014481830410659313,0.4487931430339813
2_marina_13.wav,0.28246545791625977,0.01694595254957676,1424.7841090488303,1611.6191691740962,2787.890625,0.059580277423469385,-487.8365783691406,116.1655044555664,-6.251129150390625,20.807619094848633,-5.679671287536621,18.82094955444336,-15.631348609924316,-20.821691513061523,5.3006792068481445,8.095232009887695,-5.0476579666137695,-2.0330588817596436,0.10327467322349548,-2.6673521995544434,8.035101890563965,2.7481422424316406,3.9956552982330322,-7.353732585906982,-0.2454773634672165,-5.609427452087402,-9.375595092773438,0.040223170071840286,-8.330005645751953,4.673111438751221,-1.9925283193588257,-0.9374039173126221,7.1634416580200195,2.5939509868621826,10.62607479095459,15.378960609436035,15.276700973510742,15.978405952453613,14.633294105529785,8.547971725463867,6.414292812347412,-1.2255990505218506,-1.9962422847747803,2.2208900451660156,1.7865492105484009,0.8700467348098755
1_marina_07.wav,0.32445693016052246,0.018947221338748932,1296.5609881466162,1631.0289598428826,2652.9885031960225,0.04428932883522727,-473.3457946777344,119.62968444824219,-1.1214313507080078,20.200557708740234,-10.222841262817383,6.8800458908081055,-18.840187072753906,-9.332293510437012,-1.7629536390304565,3.275224447250366,-0.7852334976196289,-8.061877250671387,-0.2598041296005249,10.432271003723145,6.171914577484131,2.5779879093170166,12.604941368103027,-12.255562782287598,-1.3397574424743652,-0.25964072346687317,-1.8169955015182495,8.805710792541504,2.7721164226531982,1.7532175779342651,9.706345736049116e-05,10.822896957397461,10.230143547058105,14.950268745422363,13.14535140991211,16.19145393371582,9.28804874420166,1.936130404472351,9.812678337097168,-0.3552866280078888,0.47835054993629456,-1.5345054864883423,-0.23272094130516052,-1.357229232788086,-0.9224427938461304,-2.998342275619507
2_mohab_03.wav,0.5594368577003479,0.024026021361351013,2369.522927015114,2815.0913826382016,5650.905443274457,0.08632670969202899,-424.3885192871094,83.94546508789062,30.72702980041504,21.554040908813477,20.522489547729492,16.54183578491211,-2.527219295501709,-3.5545809268951416,-5.1631975173950195,10.295246124267578,-7.048072814941406,5.626859188079834,-7.044588565826416,-0.15474794805049896,-6.8336944580078125,10.657605171203613,-9.307662010192871,5.124970436096191,-3.0658063888549805,6.5663371086120605,-5.178436279296875,6.064678192138672,-3.6130173206329346,1.0930649042129517,-0.7066400647163391,0.9692603945732117,-4.084799289703369,-1.3411030769348145,-0.2887783944606781,-0.8711870312690735,-4.706823348999023,2.929725408554077,-5.424285888671875,1.494368314743042,-5.155853748321533,0.06876560300588608,-1.8978554010391235,-0.9249511361122131,-2.2577080726623535,-1.7919960021972656
2_marina_03.wav,0.23844054341316223,0.01248367503285408,1384.9648453617467,1654.4318407240228,2751.794854525862,0.05501582704741379,-524.9014892578125,116.52131652832031,-2.5949137210845947,22.35409164428711,-5.049210071563721,20.121376037597656,-7.520061016082764,-12.68198299407959,0.42987000942230225,4.956273555755615,-4.093570709228516,2.2215847969055176,-0.573132336139679,-6.40167236328125,10.87452220916748,0.6746326088905334,2.143618106842041,-1.070199966430664,-1.2695729732513428,-5.074513912200928,-5.195453643798828,-4.576035976409912,-3.982377767562866,0.5542997121810913,-4.275336265563965,4.434197902679443,0.13928593695163727,5.636404514312744,9.454339027404785,12.14503002166748,16.732952117919922,12.63314437866211,12.562729835510254,7.118252754211426,7.275146484375,4.218568801879883,4.334016799926758,-1.5842245817184448,-0.4467131793498993,1.8018865585327148
2_marina_14.wav,0.3465040624141693,0.009833620861172676,1321.1683168788027,1710.7709517819465,2618.6767578125,0.052479383680555554,-535.9940185546875,116.40303039550781,3.332832098007202,12.009830474853516,0.7780338525772095,20.848051071166992,-3.7961015701293945,-4.97880744934082,5.33009147644043,9.080615043640137,-0.49568524956703186,1.085241436958313,4.33463191986084,-2.420196294784546,0.2526499927043915,-2.793517589569092,2.24245548248291,-6.687716484069824,1.071197509765625,-1.0108801126480103,-3.3079919815063477,1.8696783781051636,-3.9693050384521484,4.206815719604492,-4.320390701293945,-2.7205309867858887,0.15886399149894714,-2.738511562347412,3.80179500579834,7.874245643615723,10.174882888793945,9.51679515838623,8.184412956237793,6.705344200134277,8.281346321105957,5.129683971405029,1.3965256214141846,-2.993523597717285,-2.9217031002044678,-0.33282122015953064
1_mohab_04.wav,0.49221140146255493,0.023274533450603485,2128.9372895005745,2935.0358246050387,5796.971773814006,0.05865257906626506,-440.8188171386719,91.83139038085938,43.12992858886719,20.952835083007812,26.131980895996094,9.117494583129883,-1.3963836431503296,-2.668581247329712,-3.8665826320648193,6.685341835021973,-9.50700569152832,11.623868942260742,-7.987955570220947,6.711798667907715,-2.710200548171997,11.529653549194336,-4.746706485748291,5.303208827972412,0.5667635202407837,4.8446855545043945,-4.559477806091309,3.974583625793457,-0.04302224889397621,3.270602226257324,3.3548543453216553,0.940176784992218,-0.8141791224479675,1.269910216331482,1.3466870784759521,-1.6083608865737915,1.0055720806121826,2.609187364578247,0.25705087184906006,-1.1952205896377563,-1.0773394107818604,1.7115440368652344,-1.8392564058303833,0.4395783543586731,0.9768123626708984,-0.30079272389411926
1_mohab_05,.wav,0.3341159522533417,0.022559279575943947,2091.968364820677,2831.697935871754,5413.7589304070725,0.04999100534539474,-423.667724609375,91.81183624267578,39.4926643371582,26.83365821838379,26.406553268432617,13.856168746948242,-3.515878677368164,-2.996157646179199,-4.730180740356445,4.617689609527588,-8.607515335083008,3.6761586666107178,-8.698894500732422,2.2029170989990234,-6.366479396820068,7.928117275238037,-7.507845401763916,4.568704128265381,-1.9766138792037964,6.60148286819458,-4.971378326416016,6.314126491546631,1.3785600662231445,2.3962881565093994,4.670560359954834,3.13834285736084,-0.45744743943214417,1.3063181638717651,0.42799487709999084,-2.861069440841675,-0.766119658946991,-0.7445311546325684,-3.1951427459716797,-2.1171207427978516,-4.75134801864624,-2.5007545948028564,-5.280916690826416,-2.5052859783172607,-3.426088333129883,-4.370882511138916
1_mohab_15.wav,0.5228636860847473,0.018418749794363976,2263.83285280949,2962.1052346536194,6048.890149915541,0.056011577984234236,-473.3916931152344,87.07335662841797,34.72494125366211,15.099846839904785,17.098339080810547,13.67119312286377,7.7363481521606445,8.63453197479248,-2.2951207160949707,12.368048667907715,-5.722926139831543,7.607817649841309,-7.946548938751221,2.8319239616394043,-5.966574668884277,4.774421691894531,-5.661773204803467,2.827089548110962,-3.6220157146453857,2.879106044769287,-2.510803461074829,0.4827914535999298,-1.1244003772735596,0.3476184606552124,-0.2716936767101288,0.3784492313861847,0.20432603359222412,-1.3776352405548096,0.14891067147254944,-0.48439592123031616,-0.7656550407409668,0.21540039777755737,-0.8922932744026184,0.09050589054822922,-0.8957529067993164,0.08270011097192764,-1.3020950555801392,-0.6700338125228882,-0.06339897215366364,-2.4261372089385986
